,site,region,time,Karayevia.carissima,Achnanthes.cf.convergens,Achnanthes.cf.marginatula,Achnanthidium.exiguum,Achnanthes.modestiformis,Psammothidium.sacculus,Achnanthes.sp.1.CUBILCHE,Achnanthidium.cf.catenatum,Achnanthidium.minutissimum,Adlafia.minuscula,Adlafia.suchlandtii,Amphora.coffeaeformis,Amphora.inarensis,Amphora.lybica,Amphora.montana,Amphora.pediculus,Amphora.veneta,Anomoeoneis.sphaerophora,Aulacoseira.alpigena,Aulacoseira.ambigua,Aulacoseira.cf.distans.var.septentrionalis,Aulacoseira.cf.valida,Aulacoseira.crenulata.var.crenulata,Aulacoseira.distans,Aulacoseira.granulata,Aulacoseira.granulata.var.angustissima,Aulacoseira.sp.1..ESTRELLASCOCHA,Aulacoseira.sp.1.YANACOCHA,Brachysira.microcephala,Brachysira.neoexilis,Brachysira.sp.1.TOREADORA,Brachysira.brebissoni,Caloneis.alpestris,Caloneis.bacillum,Caloneis.sp.1.CHIRIACU,Caloneis.sp.1.HUARMICOCHA,Caloneis.sp.1.MARMOLCOCHA,Caloneis.sp.1.YAHUARCOCHA,Caloneis.sp.2.MARMOLCOCHA,Cavinula.cf.lapidosa,Cavinula.cocconeiformis,Cavinula.pseudoscutiformis,Cavinula.sp.1.CARICOCHA,Chamaepinnularia.soehrensis.var.hassiaca,Chammaepinnularia.sp.1.HUARMICOCHA,Cocconeis.cf.pseudothumensis,Cocconeis.pediculus,Cocconeis.placentula.var.euglypta,Cocconeis.placentula.var.lineata,Cocconeis.placentula.var.placentula,Cocconeis.neothumensis,Craticula.acidoclinata,Craticula.accomoda,Craticula.cuspidata,Craticula.halophila,Craticula.pampeana,Cyclotella.cf.distingueda,Cyclotella.meneghiniana,Cyclotella.sp.1.MARMOLCOCHA,Cymatopleura.solea,Cymbella.cf.affinis,Cymbella.cymbiformis,Cymbella.cistula,Cymbella.lanceolata,Encyonema.minutum,Cymbopleura.naviculiformis,Cymbopleura.inca,Denticula.kuetzingii,Diadesmis.arcuata,Diadesmis.confervacea,Diadesmis.contenta,Diatoma.mesodon,Diatoma.tenuis,Diploneis.ovalis,Diploneis.smithii,Diploneis.subovalis,Discostella.stelligera,Encyonema.aff.norvegicum,Encyonema.gaeumannii,Encyonema.jemtlandicum,Encyonema.minutiforme,Encyonema.minutum.1,Encyonema.neogracile,Encyonema.perpusillum,Encyonema.schneideri,Encyonema.silesiacum,Encyonema.sp.1.LLAVIUCU,Encyonopsis.cf.cesatii,Encyonopsis.cf.difficiliformis,Encyonopsis.cf.krammerioides,Encyonema.cf.minutiforme,Encyonopsis.descripta,Encyonopsis.microcephala,Encyonopsis.minuta,Encyonopsis.sp.1.CUBILCHE,Encyonopsis.subminuta,Eolimna.cf.subminuscula,Eolimna.minima,Eolimna.sp.1.CARICOCHA,Epithemia.adnata,Epithemia.argus,Epithemia.sorex,Epithemia.turgida,Eucocconeis.alpestris,Eucocconeis..flexella,Eunotia.arcus,Eunotia.bilunaris,Eunotia.cf.andinofrequens,Eunotia.cf.arcus,Eunotia.cf.faba,Eunotia.cf.yberai,Eunotia.curtagrunowii,Eunotia.diodon,Eunotia.flexuosa,Eunotia.implicata,Eunotia.incisa,Eunotia.microcephala.var.tridentata,Eunotia.minor,Eunotia.pectinalis,Eunotia.sp.1.CUBILCHE,Eunotia.sp.1.HUARMICOCHA..cf.flexuosa.,Eunotia.sp.1.LLAVIUCU,Eunotia.sp.2.CUBILCHE,Eunotia.sp.2.HUARMICOCHA,Eunotia.sp.3.HUARMICOCHA,Eunotia.tenella,Fallacia.insociabilis,Fragilaria.capucina.var.gracilis,Synedra.acus,Fragilaria.capucina,Fragilaria.capucina.var.gracilis.1,Fragilaria.cf.capucina,Fragilaria.cf.filiformis,Staurosira.construens.var.binodis,Ulnaria.delicatissima,Stauroforma.exiguiformis,Fragilaria.capucina.var.gracilis.2,Synedra.rumpens,Fragilaria.santamarensis,FragilarIa.sp.1.HUAMANMARCA,Fragilaria.sp.1.HUARMICOCHA,Fragilaria.sp.1.SANPABLO,Fragilaria.sp.1.YAMBO,Fragilaria.sp.2.YAMBO,Fragilaria.tenera,Fragilaria.vaucheriae,Frankophila.similioides,Frustulia.crassinervia,Geissleria.kuegeri,Gomphonema.acuminatum,Gomphonema.affine,Gomphonema.angustatum,Gomphonema.cf.auritum,Gomphonema.cf.camburnii,Gomphonema.cf.grunowii,Gomphonema.cf.minusculum,Gomphonema.cf.productum,Gomphonema.cf.subclavatum,Gomphonema.cf.subtile,Gomphonema.cf.vibrio,Gomphonema.clavatum,Gomphonema.exilissimum,Gomphonema.gracile,Gomphonema.lagenula,Gomphonema.minutum,Gomphonema.parvulum,Gomphonema.sp.1.CARICOCHA,Gomphonema.sp.1.CHIRIACU,Gomphonema.sp.1.CUNRRO,Gomphonema.sp.1.LLAVIUCU..cf.netriviale.,Gomphonema.sp.1.YANACOCHA,Gomphonema.sp.2.CHIRIACU,Gomphonema.sp.2.CUNRRO,Gomphonema.sp.2.LLAVIUCU..cf.variostriatum.,Gomphonema.sp.3.CUNRRO,Gomphonema.sp.3.LLAVIUCU,Gomphonema.sp.3.LLAVIUCU..aff.anjae.Rumrich.et.al.200.T124.,Gomphonema.subclavatum,Gomphonema.truncatum,Gomphonema.truncatum.var.capitatum,Gomphonema.variostriatum,Gyrosigma.acuminatum,Hannaea.arcus,Hantzschia.amphioxys,Hantzschia.vivacior,Hippodonta.hungarica,Hippodonta.sp.1.CHIRIACU,Kobayasiella.cf.pseudosubtillisima,Kobayasiella.sp.1.KUYUK,Kobayasiella.sp.1.PI.ANCOCHA,Kobayasiella.subtilissima,Lemnicola.hungarica,Luticola.acidoclinata,Luticola.mutica,Luticola.nivalis,Luticola.sp.1.HUARMICOCHA,Mastogloia.elliptica,Mastogloia.elliptica.var.danseii,Mastogloia.smithii.var.lacustris,Melosira.varians,Navicula.angusta,Navicula.antonii,Adlafia.bryophila,Navicula.capitatoradiata,Navicula.cf.gerlofii,Navicula.cf.veneta,Navicula.cf.wildii,Navicula.cryptocephala,Navicula.cryptotenella,Sellaphora.disjuntca,Diadesmis.gallica,Navicula.heimansioides.sensu,Navicula.libonensis,Navicula.pseudoventralis,Navicula.radiosa,Navicula.radiosa.var.parva,Navicula.rhynchocephela,Navicula.sp.1.FONDOCOCHA,Navicula.subrotunda,Navicula.tripunctata,Navicula.trivialis,Navicula.veneta,Navicula.viridulacalcis,Navicymbula.pusilla,Neidium.bisulcatum,Neidium.dubium,Neidium.iridis,Neidium.sp.1.RINONCOCHA,Nitzschia.amphibia,Nitzschia.cf.acidoclinata,Nitzschia.cf.archibaldii,Nitzschia.cf.incognita,Nitzschia.cf.neotropica,Nitzschia.cf.palea,Nitzschia.cf.perminuta,Nitzschia.cf.recta,Nitzschia.cf.suchlandtii,Nitzschia.cf.tropica,Nitzschia.dealpina,Nitzschia.dissipata,Nitzschia.fonticola,Nitzschia.frustulum,Nitzschia.frustulum.var.bulnheimiana,Nitzschia.gessneri,Nitzschia.gracilis,Nitzschia.inconspicua,Nitzschia.intermedia,Nitzschia.lacuum,Nitzschia.linearis,Nitzschia.oberheimiana,Nitzschia.palea,Nitzschia.perminuta,Nitzschia.recta,Nitzschia.sinuata.var.delognei,Nitzschia.sp.1.DOS.CHORRERAS,Nitzschia.sp.1.TOREADORA,Nitzschia.sp.1.YAMBO,Nupela.sp.1.CHIRIACU,Pinnularia.abaujensis,Pinnularia.acrosphaeria,Pinnularia.borealis,Pinnularia.brebissonii,Pinnularia.brevicostata,Pinnularia.cf.virioides,Pinnularia.divergentissima,Pinnularia.gibba,Pinnularia.gibba.var.sancta,Pinnularia.gigaformis,Pinnularia.gracilioides,Pinnularia.julma,Pinnularia.martinii,Pinnularia.microstauron,Pinnularia.microstauron.f.altitudinalis,Pinnularia.notabilis,Pinnularia.obscura,Pinnularia.sp.1.JIGENO,Pinnularia.sp.1.LLAVIUCU,Pinnularia.sp.1.PI.ANCOCHA,Pinnularia.subcapitata,Pinnularia.subcapitata.var.elongata,Pinnularia.subgibba,Pinnularia.viridis,Pinnularia.gibba.1,Planothidium.delicatulum,Planothidium.frequentissimum,Planothidium.lanceolatum,Planothidium.sp.1.CHIRIACU,Psammothidium.cf.lacus.vulcani,Achnanthes.daoensis,Psammothidium.grischunum,Psammothidium.lacus.vulcani,Pseudostaurosira.brevistriata,Pseudostaurosira.cf.leptostauron,Pseudostaurosira.zeilleri.var.elliptica,Reimeria.sinuata,Rhoicosphenia.abbreviata,Rhopalodia.gibba,Rhopalodia.gibba.var.minuta,Rhopalodia.gibberula,Rhopalodia.musculus,Sellaphora.laevissima,Sellaphora.pupula,Sellaphora.rectangularis,Sellaphora.seminulum,Sellaphora.sp.1.FONDODOCHA,Stauroneis.anceps,Stauroneis.anceps.var.constricta,Stauroneis.cf.prominula,Stauroneis.gracilis,Stauroneis.subgracilis,Pseudostaurosira.cf.laucensis,Staurosira.construens,Staurosira.construens.var.venter,Pseudostaurosira.laucensis.var.vulpina,Staurosirella.leptostauron,Staurosira.sp.1.NAPALE,Staurosirella.leptostauron.1,Staurosirella.pinnata,Fragilaria.pinnata.var.lancettula,Staurosirella.spp,Pseudostaurosira.pseudoconstruens,Stenopterobia.delicatissima,Stenopterobia.densistriata,Surirella.brebissoni,Surirella.brightwellii,Surirella.linearis,Surirella.robusta,Surirella.sp.1.CUBILCHE,Surirella.sp.1.PI.ANCOCHA,Synedra.gracilis,Tabellaria.fenestrata,Tabellaria.flocculosa.strain.IV.,Tryblionella.acuminata,Ulnaria.cf.ulna,Ulnaria.cf.ulna.var.amphyrhynchus,Ulnaria.cf.ulna.var.danica,Ulnaria.oxyrhynchus,Ulnaria.ulna,Ulnaria.ulna.var.contracta
EpNGEO-F_Yahurcch,1,Inter Andean,core top,0,0,0,0,0,0,0,0,4.183266932,0.398406375,0,0,0,0,0,0,4.780876494,0.199203187,0,38.44621514,0,0,0,0.199203187,7.171314741,6.972111554,0,0,0,0,0,0,0,0,0,0,0,0.199203187,0,0,0,0,0,0,0,0,0,0,1.394422311,0,0,0,0,0,0,0,0,5.378486056,0,0,0,0,0,0,0,0,0,0,0,0.199203187,0,0,0,0,0,0,0,0,0,0,0,0,0,0,0,0,0,0,0,0,0,0,0,0,0,0,0,0,0,4.183266932,0,2.390438247,0,0,0,0,0.199203187,0,0,0,0,0,0,0,0,0,0,0,0,0,0,0,0,0,0,0,0,6.374501992,0,0,0,0,0,0,0,0,0,0,0,0,0,0,0,0,0,0,0,0,0,0,0,0,0,0,0,0,0,0,0,0,0,0,3.784860558,0,0,0.796812749,0,0,0,0,0,0,0,0,0,0,0,0.199203187,0.398406375,0,0,0,0,0,0,0,0,0,0,0,0,0,0,0,0,0,0,0,0,0,0,0,0,0,0,0,0,0,0,0,0,0,0,0,0,0,0,0,0,0,0,0,0,0,0,0,0,0,3.585657371,0,0,0,0,0,0,0,0,0,0,0,0,0,0,0,0,0,0,0,0.398406375,0,0,0,0,0,0,0,0,0,0,0,0,0,0,0,0,0,0,0,0,0,0,0,0,0,0,0,0,0,0,0,0,0,0,0,0,0.199203187,0,0,0,0,0,0.796812749,0.796812749,0,0,0.597609562,1.792828685,0,0,0.199203187,0,0,0,0,0,0,0,0,0,0,0,0,0.199203187,0,0,0,0,0,0,0,0,0,0,0,0,0,0,0,0,0,0,0,0,3.585657371,0,0,0,0,0
EpNGEO-F_Yambo1,2,Inter Andean,core top,0,0.168634064,0,0,0,0,0,0,0,0,0,0,0,3.878583474,0,0,43.00168634,0,0,0,0,0,0,2.023608769,0.168634064,0.505902192,0,0,0,0,0,0,0,0,0,0,0,0,0,0,0,0,0,0,0,0,0,0.337268128,0.84317032,2.360876897,0,0,0,0,2.866779089,0,0,0,0,0,0,0,0,0,0,0,0,0,0,0,0,0,0,0,0,0,1.517706577,0,0,0,0,0,0,0,0,0,0,0,0,0,0,0,0,0,0,0,0,12.31028668,0,0.337268128,0,0,0.168634064,0,0,0,0,0,0,0,0,0,0,0,0,0,0,0,0,0,0,0,0,0,0,0,0,0,0,0,0,0,0,0.168634064,0,0,0,0,0,0,0,0,0.505902192,4.890387858,0,0,0,0,0,0,3.70994941,0,0,0,0,0,0,0,0,0,0,0,0,0,0,0.674536256,0,0,0,0,0,0,0,0,0,0,0,0,0,0,0,0,0,0,0,0.84317032,0,0,0,0,0,0,0,0.168634064,0.168634064,0,0,0,0,0,0,0,0,0,0,0,0,0,0,0,0,0,0,0,0,0,0,0,0,0,0,0,0,0.505902192,0,0,0,0,0,0,0,0,12.31028668,0,0,0,0,0,0,0,0,1.011804384,0,0,0,0,0,0,0,0,0.337268128,0,0,0,0.337268128,0,0.505902192,0,0,0,0,0,0,0,0,0,0,0,0,0,0,0,0,0,0,0,0,0,0,0,0,0,0,0.84317032,0,0,0,0,0,0,0,0.168634064,0,0,0,0,0,0,0,0,0,0,0,0,0,0,0,0,0,0,0,0,0,0,0,0,0,0,0.168634064,0,0,0,0,0,0.168634064,0,0,0,0,0,0,0,0,0,0,0,0,0.168634064,1.854974705
EpNGEO-F_SanPablo,3,Inter Andean,core top,0,0,0,0.458715596,0,0,0,0,0.764525994,0,0,0,1.681957187,0,0,2.599388379,0.152905199,0,0,24.4648318,0,0,0,0,2.752293578,4.281345566,0,0,0,0,0,0,0,0.305810398,0,0,0,0,0,0,0,0,0,0,0,0,0.152905199,0.917431193,6.116207951,3.058103976,0,0,0,0.611620795,0,0,0,3.516819572,0,0,0,0,0,0,0,0,0,0,0,0,0,0,0,0,0,0,0,0,0,0,0,0,0,0,0,0,0,0,0,0,0,0,0,0,0,0,0,0.305810398,0,0,0,0,6.116207951,0,0,0,0,0,0,0,0,0,0,0,0,0,0,0,0,0,0,0,0,0,0,0,0,0,0.917431193,0,0,0,0,0,0,0,0,0.458715596,0,0,0,0.611620795,0,0,0,0,0,0,0,0,0,0,1.376146789,0,0,0,0,0,0,0,0,0,0.611620795,0,0.458715596,0,0,0,0,0,0,0,0,0,0,0,0,0,0,0.458715596,0,0,0,0.305810398,0,0.305810398,0,0,0,0,0,0,0,0,0,0,0,0,0,0,0,0,0,0.764525994,0,0,0,0,0,0,0,0,0,0,3.975535168,0,0,0,0,0,0,0,0,0,0,0,0,0,2.140672783,0,0,0,0,0,0,0,0,0,0,0,7.49235474,0,0,0,0.152905199,0,0,0,0,0,0,0,0,0.152905199,0,0,0,0,0,0,0,0,0,0,0,0,0,0,0,0,0,0,0,0,0,0,0,0,0,0,0,0,0,0,0,0,0,0,0,0,0,0.305810398,0,0,0.305810398,0.458715596,1.22324159,0,0,0,0,0,0,0,0,0,0,0,0,0,0,0,0.152905199,0,0,0,0,9.021406728,0,0,0,0,0,0,0,0,0,0,0,0,0,0,0.305810398,0,0,0,0,9.785932722,0
EpNGEO-F_Cunrro1,4,Inter Andean,core top,0,0,0,0,0,0,0,0,6.717850288,0,0,0,0,0,0,0,0,0,0,7.869481766,0,0,0,0,0,56.23800384,0,0,0,0,0,0,0,0,0,0,0,0,0,0,0,0,0,0,0,0,0,0,0,0,0,0,0,0.575815739,0,0,0,0,0,0,0,0,0,0,0.575815739,0,0,0,0,0,0,0,0,0,0,0,0,0,0,0,0,0,0,0,0,0,0,0,0,0,0,0,0,0,0,0,0,0,0,0,0,0,0,0,0,0,0,0,0,0,0,0,0,0.959692898,0,0,0,0,0,0,0,0,0,0,0,0,0,0,0,0,0,0,0,0,2.303262956,0,0,3.262955854,0,0,0,0,0,0,0,0,0,0,0,0,0.19193858,1.343570058,0,0,0.767754319,0,0,0,0,0,0,0,9.213051823,0,0,3.454894434,0,0,0.767754319,0,0,0,0.383877159,0,0.19193858,0,0,0.383877159,0,0.19193858,0,0,0,0.575815739,0,0,0,0,0,0,0,0.19193858,0,0.19193858,0,0,0,0,0,0,0,0.19193858,0,0,0,0,0,0.19193858,0,0,0,0,0,0,0,0,0,0,0,0,0,0,0,0,0,0,0,0,0,0,0,0,0,0,0,0,0,0,0,0,0,0,0,0,0,0,0,0,0,0,0.575815739,0,0,0,0,0,0,0,0,0,0,0,0,0,0,0,0,0,0,0,0,0,0,0,0,0,0,0,0,0,0,0,0.575815739,0,0,0,0,0,0,0,0,0,0,0,0,0,0.19193858,0,0,0,0,0,0,0,0,0,0,0,0,0,0,0,0,0,0,0,0,0,0,0,0,0,0,0,0,0,0,0,0,0,0,0,0,0,0,1.151631478,0,0.767754319,0
EpNGEO-F_Cuicocha1,5,Inter Andean,core top,0,0,0,0,0,0,0,0,0.434782609,0,0,0,0,0,0,0.652173913,0.652173913,0,0,2.391304348,0,0,0.434782609,0,0,0,0,0,0,0,0,0,0,0,0,0,0,0,0,0,0,0,0,0,0,0,0,0,4.565217391,2.173913043,0,0.217391304,0,0,0.652173913,0,0,0,0,0,0,0,0,0,0,0,0,0,0,0,0,0,0,0,0,0,0,0,0,0,0,0,0,0,0,0,0,0,0,8.47826087,0,0,6.086956522,0,0,0,0,0,0,0.434782609,33.47826087,0.652173913,0.652173913,0,0,0,0,0,0,0,0,0,0,0,0,0,0,0,0,0,0,0,0,0,0,0,0,0,0,0,0,0,0,0,0,0,0,0,0,0,0,0,0,0,0,0,0,0,0,0.652173913,0,0,0,0,0,0,0,0,0,0,0,0,0,0,0,0,0,0,0,0,0,0,0,0,0,0,0,0,0,0,0,0,0,0,0,0,0,0,0,0,0,0,0,0,0,0,0,5.217391304,12.60869565,0,0,0,0,0,0,0,0,0,0,0,0,0,0,0,1.739130435,0,0,0,0,0.217391304,0,0.869565217,0,0,0,0,0,0,5,0,0,0.434782609,0,0,0,0,0,0,0,0,0,0,0,0,0,0.217391304,0,0,0,0,1.304347826,0,0,0,0,0,0,0,0,0,0,0,0,0,0,0,0,0,0,0,0,0,0,0,0,0,0,0,0,0,0,0,0,0,0,0,0,0,0,0,0,8.043478261,0,0,0,0.434782609,0.434782609,0,0,0,0,0,0,0,0,0,0,0,0,0,0,0,0,0,0,0,0,0,0,0.434782609,0,0,0,0,0,0,0,0,0,0.217391304,0,0,0,0,0,0,0,0.217391304,0
EpNGEO-J_Llaviucu,6,Andes,core top,0,0,0,0,0,0,0,0,13.68876081,0,0,0,0,0,0,0,0,0,0,0,0,0,0,0,0,0,0,0,3.458213256,0,0,0,0,0,0,0,0,0,0,0,0,0,0,0,0,0,0,0,0.144092219,0,0,0,0,0,0,0,1.44092219,0,0,0,0.288184438,0,0.720461095,0,0,0,0,0.432276657,0,0,0,0,4.899135447,0,0,0,37.8962536,0,0,0,0,0,0,0,0,3.458213256,1.152737752,0,0,0,0,0.432276657,0,0,0,0.432276657,0,0,0,0,0.288184438,0,0,0,0.432276657,0,0.144092219,0,0,0,0,0,0,0,0,0,0,0,1.008645533,0,0,0.144092219,0,0,0,0,0,0,0,1.008645533,0,0,0,0,0,0,0,0,0,0,0,0,0,0,0.720461095,0,0,0,0,0.576368876,0,0.144092219,0,0,0,0,0,0,0,0,0,0,0,0,0,0.144092219,0,0,0,2.161383285,0,0,0,0.432276657,0,0,0,0,0.432276657,0,0,0,0.576368876,0,0,0,0,0,0,0,0,0,0,0.144092219,0,0,0,0,0,0,0,0,0,0,0,0,0,0,0.288184438,0,0,0,0,0,3.458213256,0,0,0,0,0,0.144092219,0,0,0,0,0,0,0,0,0,0,0,0,0,0,0,0,0,0,0,0.144092219,0,0,0,0,0,0,0,0,0,0,0,0,0.576368876,0,0,0,0,0,0,0,0,0,0,0,0,0,0,0,0,0,0,0,0,0,0,0.144092219,0,0,0,0,0,0,0,0,0,0,0,0.144092219,0,0,0,0,0,0.144092219,0,0,0,0,0,0,0.144092219,0,0,0,0,0,0,0,0,0,0,1.152737752,0,0,0,0.576368876,2.593659942,1.008645533,0,0,0,0,0,0,0,0,0,0,0,0,6.051873199,0,0,5.90778098,0.720461095,0,0,0
EpNGEO-J_Pi_an1,7,Andes,core top,0,0,0,0,0,0,0,0.988142292,5.533596838,0,0,0,0,0.988142292,0,0,0,0,0,0,0,1.976284585,0,0,0,0,0,0,0,3.359683794,0,3.754940711,0,0,0,0,0,0,0,0,0,1.778656126,0,0,0,0,0,0,0,0,0,0,0,0,0,0.197628458,0,0,0,0,0,0,0,1.383399209,0,0,0.197628458,0,0,0,0,0,0,0,0,0.197628458,0,0,0,0,0,0,2.964426877,0,0,0,0,0,0.592885375,3.359683794,0,0,0,0,0,0.395256917,0,0,0,0,0,1.581027668,0,0.395256917,0,0,0,0,0,0,0,0,0,0.197628458,0,0,0,0,0,0,0,0,0,0,0,0,0,0,0,0.197628458,0,0,0,0,0,0,0,0,3.557312253,0,3.754940711,0,0,0,0.197628458,0,0,0.790513834,0,0,0,0,0,0,0,0,0,0,0,0,0,0,0,0,0,0.197628458,0,0.790513834,0,2.371541502,0,0,0,0,0,0,0,0,0,0,2.173913043,0,0,0,0,0,0,1.976284585,0,0,0,0,0,0,0,0,0,0,0,0,0.988142292,0,0,0,0,0,0,0,0,0,0,0,0,0,6.916996047,2.964426877,0,0,0,0,0,0,2.173913043,0,0,0.592885375,0,0,0,0,0,0,0,0,0,0,0,0,0,0,0,0,0,0,0,0,0,0,0,7.707509881,0,0,0,0,0,16.40316206,0,0,0,0,0,0,0,0,0,0,0,0,0.197628458,0,0,0,0,0,0,0,0,0,0,0,0.790513834,0,0,0,0,0,0,0,0,1.383399209,0,0,0,0,0,0,0,0,0,0,0.197628458,3.557312253,0,0,0,0.592885375,0,0,0,0,0,0,0,0,0,0,0,1.976284585,1.976284585,0,0,0.197628458,3.359683794,0,0,0,0,0,0,0,1.976284585,0.197628458,0,0,0,0,0,0,0
EpNGEO-J_Colta-22,8,Inter Andean,core top,0,0,0,0,0,0,0,0,0,0,0,0,0,0,0,0,0.203252033,0,0,0,0,0,0,0,0,0,0,0,0,0,0,0,0,0,0,0,0,0,0,0,0,0,0,0,0,0,0,0.81300813,10.56910569,30.08130081,0,0,0,1.422764228,0,0,0,1.422764228,0,0,0,0,0,0,0,0,0,0,0,0,0,0,0,0,0,0,0,0,0,0,0,0,0,0,0,0,0,0,0,0,0,0,0,0,0,0,0,0,0,1.829268293,0,0,0,0,0,0,0,0,0,0,0,0,0,0,0,0,0,0,0,0,0,0,0,0,0,0,0,0,0,0,0,0,0,0,0,0,0,0,0,0,0,0,0,0,0,0,0,0,0,0,0,0,0,0,0,0,0,0,0,0,0,0,0,0,0,3.455284553,0,0,0,0,0,0,0,0,0,0,0,1.016260163,0,0,0,0,0,0,0,0,0,0,0,0,0,0,0,0,0,0,0,0,0,1.62601626,0,0,0,0,0,0,0,0,0,0,0,0,0,0,0,0,0,0,0,0,0,0,0,0,0,0,0,0,0,0,0,0,0,0,0,0,0,0,0,0,0,0,0,0,0,0,0,0,0,0,0,0,0,0,0,0,0,0,0,0,0,0,0,0,0,0,0,0,0,0,0,0,0,0,0,0,0,0,0,0,0,0,0,0,0,0,0,0,0,0,0,0,0,0,0,47.15447154,0,0,0,0,0,0,0,0,0,0,0,0,0,0,0,0,0,0,0,0,0,0,0,0,0,0,0,0,0,0,0,0,0,0,0,0,0,0,0,0,0,0.406504065,0
EpNGEO-J_Kuyuk1,9,Andes,core top,0,0,0,0,0,0,0,0,12.54019293,0,0,0,0,0,0,0,0,0,0.803858521,0,0,0,0,0,0,0,0,0,0.482315113,2.090032154,0,0,0,0,0,0,0,0,0,0,0,0.160771704,0,0,0,0,0,0,0,0,0,0,0,0,0,0,0,0,0,0,0,0,0,0,0,1.92926045,0,0,0,0,0.321543408,0,0,0,0,0,0.643086817,0,0.160771704,0,0,0,0.803858521,0,0,0.643086817,0.160771704,0,0,0,0.160771704,0,0,0.160771704,0,1.125401929,0,0,0,0,0,0,0,0,0.321543408,0.482315113,0,0.803858521,0,0,0,0,0,0.803858521,0,0.160771704,0,0,0,0,0,0,0,0,0,0,0,0,0,0.964630225,0,0,0,0,0,0,0,0,0.482315113,0,0,0,0,0,0,0.964630225,0,0.160771704,0,0,0,0,0,0,0,0.160771704,0,0,0.160771704,0,0,0,0,1.446945338,0,0,0,0.160771704,0,0,0,0,0,0,0,0,0,0.482315113,0.321543408,0,2.250803859,0,0.803858521,0,0,0,0,0,0,0,0,0,0,0.160771704,0,0,0,0,0,0,0.482315113,0,0,0,0,0,0.321543408,0,0,0.643086817,0,0.643086817,0,0,5.144694534,0,0,0,0,0,0,0,1.125401929,0,0.160771704,0,0,0,0,0,0,0,0,0,0.803858521,0,0,0,0,0,0,0,0,0,0,0,0,0,0,0,0,0,0,0,0,0,0,0,0,0,0.160771704,0,0,0,0,0,0,0,0,0,0,0,0,0,0,0,0,0,0,0.160771704,0,0,0,0,0,0,0,0,0,0,0,0.643086817,0,0,0,0,0,0,0,0,0,0,0,0.321543408,0,0,0,0,0,0,0,0,0,0,0,0,0,1.92926045,11.89710611,0,0,0,0,0,0,0,0,0,0,0,7.556270096,34.5659164,0,0,0,0,0,0.160771704,0
EpNGEO-J_DsChrrrs1,10,Andes,core top,0,0,0,0,0,0,0,0,16.4921466,0,0,0,0,1.047120419,0,0,0,0,0.392670157,0,3.010471204,0,0,0,0,0,0,0,3.664921466,0,0,0,0,0,0,0,0,0,0,0,0,0.523560209,0,0,0,0,0,0,0,0.130890052,0.392670157,0,0,0.130890052,0,0,0,0,0,0,0.654450262,0,0,0,0,0.130890052,0,0,0,0,0,0.130890052,0.785340314,0,0,0,6.544502618,0,0,0,0,0,0.130890052,0,0,0,1.308900524,1.308900524,0,0,0,0.261780105,0,0,0,1.570680628,0,0,0,0,0.654450262,0,0.130890052,0.130890052,0.523560209,0,0,0,0,0,0,0,0,0,0.130890052,0,0,0,0,0,0,0,0,0,0,0,0,0,0,0.261780105,0,0,0,0,0,0,0,0,0,0,0,0,0,0,0,0,0,0.261780105,0,0.130890052,0,0,0,0,0,0,0,0,0,0,0,0,0,0,0,0.130890052,0,0,0,0.654450262,0,0,0,0,0,0,0,0.261780105,0.130890052,0,0.130890052,0,0.654450262,0,0,0,0,0,0,0,0,0,0,0,0,0,0,0,0,0,0,0,0,0,0,0,0,0,4.057591623,0,0,0,0,0.261780105,5.628272251,0,0,0,0,0,0,0,0.130890052,0,0,0,0,0,0,0,0,0,0,0,0,0,0,0,0,0,0,0,0,0,0,0,0,0,0,0.523560209,0.392670157,0.130890052,0.523560209,0,0,0,0,0,0,0,0.130890052,0,0,0,0,0,0,0,0,0,0,0.130890052,0,0,0,0,0,0,0,0,0,0,0,0,0,0,0,0,0.523560209,0,0,2.879581152,0,0,0.130890052,0,0.392670157,0,0,0,0,0,0,0,0,0,0,0,0,0,0,0,0,0,0,0,0,2.748691099,4.712041885,0,0.392670157,0.130890052,0,0,0,0,0,0,0,0,0.130890052,30.4973822,0,0,2.22513089,0,0,0.523560209,0
EpNGEO-F_Huarmcch1,11,Andes,core top,0,0,0,0,0,0,0,0,0.199600798,0,0,0,0,0,0,0,0,0,0,0,0,0,0,0,0,0,0,0,0,0.399201597,0,0,0,0,0,0,0,0,0,0,0,0,0,0,0,0,0,0,0,0.199600798,0,0,0,0,0,0,0,0,0,0,0,0,0,0,0,0.998003992,0,0,0,0,0,0,0,0,0,0.199600798,0.998003992,0,0,0,0,0,0.998003992,0,0.199600798,0,0,0,0,0,0,0,0,0,0,0.598802395,0,0,0,0,0,0,0,0,0,0,0,0,0,0,0,0,0,0,0,0.199600798,0,0,0,0,0.998003992,0,0,0,0,0,0,0,0,0,0,0,0,0,0,0,0,0,2.395209581,0,1.397205589,0,0,0,0,0,0,0,0,0.199600798,0,0,0,0,0,0,0,0,0,0,0,0,0,0,0,0,0,0,0,0,0,0,0,0,0,0,0,0.199600798,0.199600798,0,0.998003992,0,0,0,0,0,0,0,0,0,0,0,0,0,0,0,0,0,0,0,0,0,0,0,0,0,0,0,0,0,0,0,0,0,7.784431138,0,2.594810379,0,0,0,0,0,0.399201597,0,0,0,0,0,0,0,0,0,0,0,0,0,0,0,0,0,0,0,0,0,0,0,0,0,0,0,0,0,0,0,0,0,0,0,0,0,0,0,0,0,0,0,0,0.199600798,0,0,0,0,0,0,0,0,0,0,0,0,1.796407186,0,0.399201597,0,0,0,0,0,0,0,0,57.28542914,0,0,0,0,0,0,0,0,0.199600798,0.199600798,0,0,0,0,0,0,0,0,0,0,0.399201597,0,0,0,0,5.189620758,1.996007984,0,0,0,0,0,0,0,0,0,0,0,8.582834331,1.397205589,0,0.199600798,0,0,0,0,0
EpNGEO-F_Chiriacu1,12,Andes,core top,0.172711572,0,0,0,0,0,0.172711572,0,4.14507772,0,0,0,0,0,0,0,0,0,12.43523316,0,0,0,0,0,0,0,0,0,0,0.863557858,0,1.554404145,0,0,0,0,0,0,0,0,0,0.863557858,0,0,0,0,0,0,0,0,0,0,0,0,0,0,0,0,0,0,0,0,0,0,0,0.518134715,0,0,0,0,0,0,0,0,0,0.172711572,0,0,0,0,0,0,2.936096718,0.172711572,0.863557858,0,0,0,2.245250432,0,0,0,0,0,0,0.172711572,0,0,0,0,0,0,0,0,0,0,0,0,0,0,0,0,0,0,0,0,0,0,0,0,0,0,0,0,0,0.172711572,0,0,0,0,0,4.14507772,0,0,0,6.563039724,0,0,1.554404145,0,0,0,0,0,2.417962003,0,0,1.208981002,0.863557858,0,0,0,0,0,0,0,0,0,0,0,0,0,0,0,0,0.863557858,0,2.590673575,0,0,0,0.345423143,0,0,0,0,0,0,0,0,0.863557858,0,0,0,0,0,0.172711572,0,0,0,0,0,0,0,0,0,0,0,0,0,0,0,0,0,0,0,0,0,0,0,0,4.835924007,0,0,0.345423143,0,0,0,0,0,0,0,0,0,0,0.172711572,0,0,0,0,0,0,0,0,0,0,0,0,0,0,0,0,0,0,0,0,0,0,0,2.07253886,0,0,0,0,0,1.554404145,0,0.172711572,0,0,0.690846287,0,0,0,0.690846287,0,0,0,0,0,0.172711572,0,0,0,0,0,0,0,0,0,0,0,0,0,0,0,0.172711572,0,0,5.699481865,0,0,0,0,0,0,0,0,0,0,0,0,0,0,0,0,0,0,0,0,0,0,0.172711572,0,0,0,0,0.690846287,0,0,0,0.345423143,0,0,0,0,0,0,0,0.172711572,3.454231434,29.53367876,0,0,0,0,0,0,0
EpNGEO-F_Caricoch,13,Andes,core top,0,0,0.480769231,0,0,0,0,0,10.57692308,0,0,0,0,0,0,0,0,0,1.442307692,0,0,0,0,0,0,0,0,0,0,0.320512821,0,0.16025641,0,0,0,0,0,0,0,0,0,8.333333333,0,0,0,0,0,0,0,0,2.243589744,0.16025641,0,0,0,0,0,0,0,0,0,0,0,0,0,0,0,0,0,0,0,0,0,0,0.320512821,0,0.480769231,0,0,0,0,0,0.961538462,0,0,0,0,0,0.641025641,2.403846154,0,0,0,0.16025641,0,0,0,0,4.647435897,0.641025641,0,0,0,0,0,0,0,0,0,0,0,0,0,0,0,0,0,0,0,0,0,0,0,0,0,0,0,0,0,0.16025641,0,0,0,0,0,0,0,0,22.75641026,0,2.243589744,0,0,0,0,0,0,0,0,0,0,0,0,0,0,0,0,0,0,0,0,0.480769231,0,0,0,0,0,0,0,0,0,0,0,0,0,0,0,0,0,0,0,0,0,0,0,0,0,0,0,0,0,0,0,0,0,0,0,0,0,0,0.961538462,0,0,0,0,0,0,0,0,0,0,2.243589744,0,0,5.929487179,2.724358974,0,0,0.480769231,0,0,0,2.243589744,0,0.16025641,0,0.480769231,0,0,0,0,0,0,0,0,0,0.480769231,0,0,0,0,0,0,0,0,0,0,0,0,5.929487179,0,0,0,0,0,4.647435897,0,0,0.480769231,0,0,0,0,0,0,0,0,0,0,0,0,0,0,0,0,0,0,0,0,0,0,0,0,0,0,0,0,0,0,9.615384615,0,0,0,0,0,0,0,0,0,0,0.961538462,1.442307692,0,0,0,0.480769231,0,0,0,0,0,0,0,0,0,0,0,0,0,0,0,0.641025641,0,0,0,0,0,0,0,0,0.480769231,0,0,0,0,0,0,0,0
EpNGEO-F_Cubilche1,14,Andes,core top,0,0,0,0,0,0,0,0,0,0,0,0,0,0,0,0,0,0,0,0,0,0,0,0,0,0,0,0,0,0,0,13.997114,0,0,0,0,0,0,0,0,0,0,0,0,0,0,0,0,0,0,0,0,0,0,0,0,0,0,0,0,0,0,0,0,0,0,0,0,0,0,0,0,0,0,0,0,0,0,0,0,0,0.577200577,7.647907648,0,0,0,0,0,19.91341991,0,0,0,0,0,14.28571429,0,0,0,0,0,0,0,0,0,0,0,0,0,0,0,0,0,0,0,0,2.886002886,0.288600289,0,0,1.298701299,0,0,0.144300144,0,0,0,0,0,0,0,0,0,0,0,0,0,0,0,0,0,0,0,0,0,0,0,0,9.812409812,0,0,0,0,0,0,0,0,0,0,0,0,0,0,0,0,0,0,0,0,0,0,0,0,0,0,0,0,0,0,0,0,0,0,0,0,0,0,0,0,0,0,0,0,0,0,0,0,0,0,0,0,0,0,0,0,0,0,0,0,0,0,0,3.463203463,0,0,0,0,0,0,0,0,0,0,0,0,0,0.577200577,0,0,0,0,0,0,0,0,0,0,0,0,0,0,0,0,0,0,0,0,0,0,0,0,0,0,0,0,0,0,0,0,0,0,0.288600289,0,0,0,0,0,0,0,0,4.329004329,0,0.144300144,0,0,0,0,0,0,2.886002886,0,0.288600289,0,0,0,0,0,0,0,0,0,0,0,0,0,0,0,0,0,0,0,0,0,0,0,0,0,0,0,0,0,0,0,0,0,0,0,0,0,0,0,0,3.896103896,6.637806638,0,0,0,0,0.577200577,0,0,0,6.060606061,0,0,0,0,0,0,0
EpNGEO-J_Estrllsc1,15,Andes,core top,0,0,0,0,0,0,0,0.171821306,5.154639175,0,0,0,0,0,0,0,0,0,34.19243986,0,0,0,0,0,0,0,2.06185567,0,2.06185567,0.859106529,0,0,0,0,0,0,0,0,0,0,0,0,0,0,0,0,0,0,0,0,0.171821306,0,0,0,0,0,0,0,0,0,0,0,0,0,0,0.343642612,0,0,0,0,0,0,0,0,0,0,10.82474227,0,0,0,0,0,0.859106529,0,0,0,0,0,0,0.687285223,0,0,0,0,0,3.092783505,0,0.171821306,0,0,0,0,0,0,0.171821306,0,0,0,0,0,0,0,0,0,0,0.171821306,0,0,0,0,0,0,0,0,0,0,0,0,0,0.171821306,0,0,0,0,0,0,0,0,0,0,0,0,0,0,0,0,0,1.890034364,0,0,0,0,0,0,0,0,0,0,0,0,0,0,0,0,0,0,0,0,0,0,0,0,0,0,0,0,0,0.171821306,0,0,0,0,0,0,0,0,0,0,0,0,0,0,0,0,0,0,0,0,0,0,0,0,0,0,0,0,0,0,0,0,0,4.12371134,0,0,7.731958763,0.515463918,0,0,0,0,0,0,2.577319588,0,0,0,0,0,0,0,0,0,0,0,0,0,0,0,0,0.171821306,0,0,0,0,0.171821306,0,0,0,0,3.780068729,0,0,0,0,0,2.233676976,0,0,0,0,0,0,0.171821306,0,0,0,0,0,0,0,0,0.171821306,0,0,0,0,0,0,0,0,0,0,0,0,0,0,0,0,0,0,0,0,0,0,0,0,0,0,0,0,0.343642612,0.515463918,0,0,0,0,0,0,0,0,0,0,0,0,0,0,0,0,0,0,0,0.171821306,0,0,0,0,0,0,0,0,0.171821306,13.57388316,0,0,0.343642612,0,0,0,0
EpNGEO-F_Yanacoch1,16,Andes,core top,0,0,0,0,0,0,0,0,4.060913706,0,0,0,0,0,0,0,0,0,23.85786802,0.169204738,0,0,0,0,0,0,0,0.338409475,0,1.353637902,0,0.169204738,0,0,0,0.507614213,0,0,0,0,0,0,0,0,0,0,0,0,0.169204738,0,0,0,0,0,0,0,0,0,0,0,0,0,0,0,0,0.338409475,0,0,0,0,0,0,0,0,0,0,0,0,0,0,0,0,2.368866328,0,0,0,0,0,0.169204738,0.846023689,0,0,0,0,0,0.338409475,0,0,0,0,0,0.169204738,0,0,0,0,0,0,0,0,0,0,0,0,0.169204738,0.507614213,0,0,0,0,1.015228426,0,0,0,0,0,0,0,0,0,0,0,0,0,0,0,0,0,0,0,0,0,0,0,0.846023689,0,0,3.384094755,0,0,0,0,0,0.846023689,0,0,0,0,0,0,0,0.676818951,0.676818951,0,0,0,0,0,0,0.846023689,0,0,0,0,0,0,0,0,0,0,17.25888325,0,0,0,0,0,0,0,0,0,1.015228426,0,0,0,0,0,0,0,0,0,0,0,0,0,0,0,0,0,0,0,0,2.030456853,0,0,7.275803723,0,0,0,0,0,0,0,0.169204738,0,0,0,0,0,0,0,0,0,0,0.507614213,0.169204738,0,0,0,0,0,0,0,0,0,0,0,0,0,0,0.169204738,0,0,0,0,0,0,0,0,0,0,0,0,0.846023689,0,0.169204738,0,0,0,0,0,0,0,0,0,0,0,0,0,0,7.106598985,0,0,0,0,0,0,0,0,0,0,0,0,0,0,0,0,0,0,0,0,1.184433164,5.076142132,0,0,0,0,0,0,0.507614213,0,0,0,0,0,0,0,0,0,0,0,0,0.169204738,0,0,0,0,0,0,0,0,6.598984772,5.752961083,0,0,0,0,0,0.169204738,0
EpNGEO-J_Marmlcch1,17,Andes,core top,0,0.355871886,0,0,0,0,0,0,7.829181495,0,0,0,0,1.067615658,0,0,0,0,0,0,0,0,0,0,0,0,0,0,3.024911032,0,0,0,0,0.177935943,0,0,0.177935943,0,0.533807829,0,0.177935943,0,0,0.355871886,0,0,0,0,0.177935943,0.355871886,0,0,0,0,0,0,0,0,0,0,0,0,0,0.177935943,0,0,0,0,0,0,0,0,0,0,0,0,0.711743772,0,0,0,0,0,0.889679715,0,0,0,0.177935943,0,0,1.423487544,0,0,0,0,0,12.8113879,0,0,0,0,2.846975089,0,0,0,0.533807829,0,0,0,0,0.177935943,0,0,0,0,0,0,0,0,0,0,0,0,0,0,0,0,0,0,0,0,0,0,0,0,0,0,0,0,0.177935943,0,0,0,0,0,0,0,0,0,0,0,0,0,0,0,0,0.177935943,0,0,0,0,0,0.177935943,0,0,0,0.177935943,0,0,0,0,0,0,0,0,0,0,0,0,0,0,0.355871886,0,0,0,0,0,0,0,0,0,0,0,0,0,0,0,0,0,0,0,0,0,0,0,0,0,1.245551601,0,0,0,0,0,0,0,8.896797153,27.40213523,0,0,0,0,0,0,6.049822064,0,1.245551601,0,0,0,0,0,0,0,0,0,0,0,0,0,0.177935943,0,0,0,0,0,0,0,0,0,0,0.355871886,0,0,0,0,0,11.20996441,0,0,0,0,0,0,0,0,0,0,0,0,0,0,0,0,0,0.177935943,0,0,0,0,0,0,0,0,0,0,0,0,0,0,0,0.177935943,0,0,0,0,0,0,0,0,0,0,4.270462633,3.024911032,0,0,0,0,0,0,0,0,0,0,0,0,0,0,0,0,0,0,0,0,0,0,0,0,0,0,0,0,0,0.533807829,0,0,0,0,0,0.177935943,0
EpNGEO-J_Jigeno1,18,Andes,core top,0,0,0,0,0,0,0,1.022494888,3.885480573,0,0,0,0,0,0,0,0,0,38.44580777,0,0,0,0,0,0,0,0,0,0.81799591,0,0,1.840490798,0,0,0,0.204498978,0,0,0,0,0,1.022494888,0,0.204498978,0,0,0,0,0,0,0,0,0,0,0,0,0,0,0,0,0,0,0,0,0,0.408997955,0,0,0,0,0,0,0,0,0,0,22.6993865,0,0.204498978,0,0,0,1.022494888,0,0,0,0,0,0.204498978,0.408997955,0,0,0,0,0,0.81799591,0.204498978,0,0,1.226993865,0,0,0,0.204498978,0,0,0.204498978,0,0,0,0,0,0,0,0,0.204498978,0,0,0,0,0,0,0,0,0,0,0,0,0,0,0,0,0,0,0,0,0,0,0,0,0,0,0,0,0.204498978,0,0,0.204498978,0,0,0,0,0,0,0,0,0,0,0,0,0,0,0,0,0,0,0,0,0,0,0,0,0,0,0,0,0,0,0,0,2.044989775,0,0,0,0,0,0,0,0,0,0,0,0,0,0,0,0,0,0,0,0.204498978,0,0.204498978,0,0.204498978,0,0,0,0,0,0,1.022494888,0,0,0,5.112474438,0,0,0,0,0,0,0.408997955,0,0,0.204498978,0,0,0,0,0,0,0,0,0,0,0,0,0,0,0,0,0,0,0,0,0,0,0,0.408997955,0,0,0,0,0,0.81799591,0,0,0,0,0.408997955,0,0,0,0,0,0,0,0,0,0,0,0.204498978,0,0,0.408997955,0,0,0,0,0,0,0,0,0,0,0,0,0,0,0.204498978,0,0,0,0,0,0,0,0,0,1.431492843,0,0,0,0,0,0,0,0,0,0,0,0,0,0,0,0,0,0.204498978,0,0,1.022494888,0,0,0,0,0,0,0,0,1.022494888,8.793456033,0,0,0,0,0,0,0
EpNGEO-J_Ri_oncch1,19,Andes,core top,0,0,0,0,0,0,0,0.228832952,2.745995423,0,0,0,0,0,0,0,0,0,27.68878719,0,0,0,0,0,0,0,56.97940503,0,0,0.228832952,0,0,0,0,0,0,0,0,0,0,0,0,0,0,0,0,0,0,0,0,0,0,0,0,0,0,0,0,0,0,0,0,0,0,0,0,0,0,0,0,0,0,0,0,0,1.14416476,0,0,0,0,0,0,0.686498856,0,0,0,0,0,1.601830664,0,0,0,0,0,0,0.915331808,0,0,0,0,0,0,0,0,0,0,0,0,0,0,0,0,0,0,0,0,0,0,0,0,0,0,0,0,0,0,0,0,0,0,0,0,0,0,0,0,0,0,0,0,0,0,0,0,0,0,0,0.228832952,0,0,0,0,0,0,0,0,0,0,0,0,0,0,0,0,0,0,0,0,0,0,0,0,0,0,0,0,0,0,0,0,0.457665904,0,0,0,0,0,0,0,0,0,0,0,0,0,0,0,0,0,0,0,0,0,0,0,0,0,0,0,0,0,0,0.686498856,0,0,2.517162471,0,0,0,0,0,0,0,0,0,0,0,0,0,0,0,0,0,0,0,0,0,0,0,0,0,0,0,0,0,0,0,0,0,0,0.228832952,0,0,0,0,0,0,0,0,0.228832952,0,0,0,0,0,0,0,0,0,0,0,0,0,0,0,0,0.228832952,0,0,0,0,0,0,0,0,0,0,0,0,0,0.457665904,0,0,0,0,0,0,0,0,0,0,1.14416476,0,0,0,0,0.228832952,0,0,0,0,0,0,0,0,0,0,0,0,0,0,0,0,0,0,0,0,0,0,0,0,0,1.372997712,0,0,0,0,0,0,0
EpNGEO-J_Fondocch1,20,Andes,core top,0,0,0,0,0,0,0,0,3.433476395,0,0,0,0,0,0,0,0,0,12.66094421,1.287553648,58.15450644,0,0,0,0,0,0,0,0.214592275,0,0,0,0,0,0,0,0,0,0,0,0.214592275,0.214592275,0,0.214592275,0,0.214592275,0,0,0,0,0,0,0,0,0,0,0,0.214592275,0,0,0,0,0,0,0,0,0,0,0,0,0,0,0,1.716738197,0,0,5.150214592,0,0,0,0.214592275,0,0,0,0,0,0,0,0,0,0,0,0,0,0,0.214592275,0,0,0,0,0,0,0,0,0.429184549,0,0,0,0.214592275,0,0,0,0,0,0,0,0,0,0,0,0,0,0,0,0,0.214592275,0,0,0,0,0.643776824,0,0,0,0,0,0,0,0,0.214592275,0,0,0,0,0,1.502145923,0,0.643776824,0,0,0,0,0,0,0,0,0,0,0,0,0,0,0,0,0,0,0,0,0,0,0,0,0,0,0,0,0,0,0,0,0.858369099,0,0.214592275,0,0,0,0,0,0,0,0,0,0,0.214592275,0,0,0,0,0,0,0.429184549,0,0.214592275,0,0,0,0,0,0,0.858369099,0.429184549,0.214592275,0,0,0.214592275,0,0,0,0,0,0,0,0.429184549,0,0,0,0,0,0,0,0,0,0,0,0,0,0,0,0,0,0,0,0,0,0,0,0,0,0,1.502145923,0,0,0,0,0,0,0,0,0,0,0.214592275,0,0,0,0,0,0,0,0,0,0.429184549,0,0,0,0,0,0,0,0,0,0.214592275,0,0,0,0,0,0,0,0,0,0,0,0,0,0,0,0,0,0,0,0,0,0.214592275,0,0,0,0.214592275,0,0,0,0,0,0,0,0,1.502145923,0,1.072961373,0.429184549,0,0,0,0,0,0,0.214592275,0,0,0,0,0,1.931330472,0,0,0,0,0,0,0
EpNGEO-J_Pi_ancch1,21,Andes,core top,0,0,0,0,0,0,0,1.023890785,22.01365188,0,0,0,0,0,0,0,0,0,19.79522184,0,0,0,0,0,0,0,0,0,0.682593857,0,0,0,0,0,0,0,0,0,0,0,0,3.071672355,0,0,0,0,0,0,0,0,0,0,0,0.170648464,0,0,0,0,0,0,0,0,0,0,0,0.170648464,0,0,0,0,0,0,0,0,0,0.170648464,10.58020478,0,0,0,0,0,0.170648464,0,0,0,0,0,0.170648464,0,0,0,0,0,0,1.535836177,0.170648464,0,0,0,0,0,0,0.170648464,0,0,0,0,0,0,0.170648464,0,0,0.170648464,0,0,0,0,0,0,0,0,0,0,0,0,0,0,0,0.170648464,0,0,0,0,0,0,0,0,0.170648464,0,0,0,0,0,0,0,0,0.511945392,0,0,0,0,0,0,0,0,0,0,0,0,0,0,0,0,0,0,0,0,0,0,0,0,0,0,0,0,0,0,0,0,0,0,0,0,0,0,0,0,0,0,0,0,0,0,0,0,0,0,0,0,0,0,0,0,0,0,0,0,0.511945392,0,0,0,0,0,8.532423208,2.04778157,0,0,0,0,0,0,0,0,0,0.341296928,0,0,0,0,0,0,0,0,0,0,0,0,0,0,0,0,0,0,0,0,0,0,0,4.948805461,0,0,0,0,0,17.40614334,0,0,0,0,0,0,0,0,0,0,0,0,0,0,0,0,0,0,0,0,0,0.170648464,0,0,0,0.170648464,0,0,0,0,0,0,0,0,0.853242321,0,0,0,0,0,0,0,0,0,0.853242321,0.511945392,0,0,0,0.170648464,0,0,0,0,0,0,0,0.170648464,0,0,0,0.170648464,0,0,0,0,0,0,0,0,0,0,0.170648464,0,0,1.877133106,0,0,0,0,0,0,0
Yahurcch-core,1,Inter Andean,downcore,0,0,0,0,0,0,0,0,13.89270977,0,0,0,0,0,0,0,8.253094911,0,0,20.90784044,0,0,0,0,0,1.375515818,0,0,0,0,0,0,0,0,0,0,0,0,0,0,0,0,0,0,0,0,0,0,0,1.100412655,0,0,0,0,0,0,0,3.438789546,0,0,0,0,0,0,0,0,0,0,0,0,0,0,0,0,0,0,0,0,0,0,0,0,0,0,0,0,0,0,0,0,0,0,2.613480055,0,0,0,0,0,0,0,0,0,4.539202201,0,0,0,0.137551582,0,0,0,0,0,0,0,0,0,0,0,0,0,0,0,0,0,0,0,0,0,0,0,0,0,0.137551582,0,1.5130674,0,0,0,0,0,0,0,0,0,13.06740028,0.137551582,0,0,0,0,0,0,0,0,0,0,0,0,0,0,0,0,3.163686382,0,0,0.687757909,0,0,0,0,0,0,0,0,0,0,0,0,0.412654746,0,0,0,0.137551582,0,0,0,0,0,0,0,0,0,0,0.137551582,0,0,0,0,0,0,0,0,0,0,0,0,0,0,0,0,0,0,0,0,0,0,0,0,0,0,0,0,0,0,0,0,0,0,3.026134801,0,0,0,0,5.502063274,0,0,0,0,0,0,0,0,0,0,6.602475928,0,3.851444292,0,2.475928473,0,0,0,0,0,0,0,0,0,0,0,0,0,0,0,0,0,0,0,0,0,0,0,0,0,0,0,0,0,0,0,0,0,0,0,0,0,0,0,0,0,0,0,0,0,0,0.137551582,0,0,0,0.825309491,0,0,0,0,0,0,0,0,0,0,0,0,0,0,0,0,0,0,0,0,0,0,0,0,0,0,0,0,0,0,0,0,0,0,1.925722146,0,0,0,0
Yambo1-core,2,Inter Andean,downcore,0,3.553299492,0,0,0,0,0,0,0,0,0,0,0,0,0,0,42.30118443,0,0,0,0,0,0,14.72081218,0.169204738,1.015228426,0,0,0,0,0,0,0,0,0,0,0,0,0,0,0,0,0,0,0,0,0,0,0,3.214890017,0.169204738,0,0,0,4.060913706,0,0,0,0,0,0,0,0,0,0,0,0,0,0,0.169204738,0,0,0,0,0,0,8.291032149,0,0,0,0,0,0,0,0,0,0,0,0,0,0,0,0,0,0,0,0,8.460236887,0,0.169204738,0,0,0.338409475,0,0,0,0,0,0,0,0,0,0,0,0,0,0,0,0,0,0,0,0,0,0,0,0,0,0,0,0,0,0,0.507614213,0.169204738,0,0,0,0,0,0,0,0,0,0,0.507614213,0,0,0,0,2.876480541,0,0,0,0,0,0,0,0,0,0,0,0,0,0,0.507614213,0,0,0,0,0,0,0,0,0,0,0,0,0,0,0,0,0,0,0,0,0,0,0,0,0,0,0,0,0.169204738,0,0,0,0,0,0,0,0,0,0,0,0,0,0,0,0,0,0,0,0,0,0,0,0,0,0,0,0,0.169204738,0,0,0,0,0,0,0,0,5.24534687,0,0,0,0,0,0,0,0,0,0,0,0,0,0,0,0,0,0,0,0,0,0,0,0,0,0,0,0,0,0,0,0,0,0,0,0,0,0,0,0,0,0.169204738,0,0,0,0,0,0,0,0,0,0,0,0,0,0,0,0,0,0,2.538071066,0,0,0,0,0,0,0,0,0,0,0,0,0,0,0,0,0,0,0,0,0,0,0,0,0,0,0,0,0,0,0,0,0,0,0,0,0,0,0,0,0,0,0,0.338409475,0.169204738
SanPablo-core,3,Inter Andean,downcore,0,0,0,0,0,0,0,0,3.830645161,0,0,0,0,0,0,0,0,0,68.14516129,0,0,0,0,0,0,0,12.2983871,0,0.806451613,0.201612903,0,0.60483871,0,0,0,0,0,0,0,0,0,0,0,0.201612903,0,0,0,0,0,0,0,0,0,0,0,0,0,0,0,0,0,0,0,0,0,0.201612903,0,0,0,0,0,0,0,0,0,0.201612903,0,0,0.403225806,0,0,0,0,0,0,0,0,0,0.201612903,0,0,0,0,0,0,0.403225806,0,0,0,0,0.806451613,0,0,0,0,0,0,0,0,0,0,0,0,0,0,0,0,0,0,0,0,0,0,0,0,0,0,0,0,0,0,0,0,0,0,0,0,0,0,0,0,0,0,0,0,0,0,2.016129032,0,0,0,0,0.201612903,0,0,0,0,0,0,0,0,0,0,0,0,0,0,0,0,0,0,0,0,0,0,0,0,0,0,0,0,0,0,0,0,0,0,0,0,0,0,0,0,0,0,0,0,0,0,0,0,0,0,0,0,0,0,0,0,0,0,0,0,0,5.040322581,1.008064516,0,0,0,0,0,0,0,0,0,0,0,0.403225806,0,0,0,0,0,0,0,0,0,0,0,0,0,0,0,0,0,0,0,0,0,0.403225806,0,0,0,0,0,0.403225806,0,0,0.60483871,0,0,0,0,0.201612903,0,0,0,0,0,0,0,0,0.201612903,0,0,0,0,0,0,0,0,0,0,0,0,0,0,0,0,0,0,0,0,0,0,0,0,0,0,0,0.403225806,0.60483871,0,0,0,0,0,0,0,0,0,0,0,0,0,0,0,0,0,0,0,0.201612903,0,0,0,0,0,0,0,0,0,0,0,0,0,0,0,0,0
Cunrro1-core,4,Inter Andean,downcore,0,0,0,0,0,0,0,0,1.202749141,1.374570447,0,0,0,0,0,0,0.343642612,0,0,62.37113402,0,0,0,0,0,6.013745704,0,0,0,0,0,0,0,0.171821306,0,0,0,0,0,0,0,0,0,0,0,0,0,0,0,0.171821306,0,0,0.515463918,0.171821306,0,0,0,0,0,0,0,0,0,0,0.859106529,0,0,0,0,0.515463918,0,0,0,0,0,0,0,0,0,0,0,0,0,0,0.515463918,0,0,0,0.171821306,0,1.546391753,0,0,0,0,1.718213058,2.405498282,0,0,0.859106529,0,0,0,0,0,0,0,0,0,0,0,0,0.515463918,1.374570447,0,0,0,0,0,0,0,0,0,0,0,0,0,0,0,0,0,0,0,0,0,0,0,1.546391753,0,0,0,0,0,0,0,0,0,0,0,0,0,0,0,0,0.171821306,0,0,0,0,0,0,0,0.171821306,0,0,0.343642612,0,0,0,0,0,0,0.343642612,0,0,0,0,0,0.171821306,0.171821306,0,0,0,0.515463918,0,0,0,0,0,0,0,0,0,0.515463918,0,0,0,0,0,0,0,0,0,0,0,0,0,3.436426117,0,0,0,0,0,0,0.859106529,0,0.171821306,0,0,0,0,0,0,0,0,0,0,0,0.343642612,2.405498282,0,0,0,0.343642612,0,0,0,0,0,0.171821306,0.171821306,0,0,0,0,0,0,0,0,0,0,0,0,0,0,0,0,0,0,0.515463918,0.343642612,0,0,0,0,0,0.859106529,0,0,0,0,0,0,0,0,0,0,0,0,0,0,0.343642612,0,0,0,0,0,0,0,0,0,0,0,0,0,0,0.687285223,0.171821306,0,0,0,0.859106529,0,0.859106529,0,0,0,0,0.171821306,0,0,0,0,0,0,0,0,0,0,0,0,0,0,0,0,0,0,0,0,0,0,0,0,0,0,0,0,0.515463918,0
Cuicocha1-core,5,Inter Andean,downcore,0,0,0,0,0,0,0,0,5.718954248,0,0,0,0,0,0,6.862745098,0,0,0,2.287581699,0,0,0.163398693,0,0.163398693,0.163398693,0,0,0,0,0,0,0,0,0,0,0,0,0,0,0,0,0,0,0,0,0,0,0.490196078,10.94771242,0,0,0,0,0,0,0,0,0,0,0,0,0,0,0,0,0,0,0,0,0,0,0,0,0,0,0,0,0,0,0,0,0,0,0,0,0,0,0,20.26143791,0,0,1.307189542,0,0,1.307189542,0,0,0,0,28.75816993,0,0.490196078,0,0,0,0,0,0,0,0,0,0,0,0,0,0,0,0,0,0,0,0,0,0,0,0,0,0,0,0,0,0,0,0,0,0,0,0,0,0,0,0,0,0,0,0,0,0,0,0,0,0,0,0,0,0,0,0,0,0,0,0,0,0,0,0,0,0,0,0,0,0,0,0,0,0,0,0,0,0,0,0,0,0,0,0,0,0,0,0,0,0,0,0,0,0.163398693,0,14.05228758,0,0,0,0,0,0,0,0,0,0,0,0,0,0,0,0.163398693,0,0,0,0,0.163398693,0,0,0,0.326797386,0,0,0,0,3.104575163,0,0,0,0,0.653594771,0,0,0,0,0,0,0,0,0,0,0,0,0,0,0,0,0,0,0,0,0,0,0,0,0,0,0,0,0,0,0,0,0,0,0,0,0,0,0,0,0,0,0,0,0,0,0,0,0,0,0,0,0,0,0,0,0,0.980392157,0,0,0,0,0.490196078,0,0,0,0,0,0,0,0,0,0,0,0,0,0,0,0,0,0,0,0,0,0.163398693,0,0,0,0,0,0,0,0,0,0,0,0,0,0,0,0,0,0,0.816993464,0
Colta-22-core,8,Inter Andean,downcore,0,0,0,0,0,0,0,0,0,0,0,0.193050193,0,0,0,0,0.193050193,2.50965251,0,0.193050193,0,0,0,0,0,0.193050193,0,0,0,0,0,0,0,0,0,0,0,0,0,0,0,0,0,0,0,0,0,0,5.405405405,18.72586873,0,0,0,0.193050193,0,0,0,0,0,0,0,0,0,0,0,0,0,0,0,0,0,0,0,0,0,0,0,0,0,0,0,0,0,0,0,0,0,0,0,0,0,0,0,0,0,0,0,0,0,1.737451737,0,0,0.193050193,0,0,0,0,0,0,0,0,0,0,0,0,0,0,0,0,0,0,0,0,0,0,0,0,0,0.579150579,0,0,0,0,0,2.50965251,0,0,0,0,0,0,0,0,0,0,0,0,0,0,0,0,0,0,0,0,0,0,0,0,0,0,0,1.544401544,0,0,4.633204633,0,0,0,0,0,0,0,0,0,0,0,1.351351351,0,0.193050193,0,0,0,0,0,0,0,0,0,0,0,0,0,0,0,0,0,0,0,0,0,0,0,0,0,10.42471042,0,0,0,0,0,0,0.193050193,0,0,0,0,0,0,0,0,0,0,0,0,0,0,0,0,0,0,0,0,0,0,0,0,0,0,0,0,1.930501931,0,0,0,0,0,0,0,0,0,0,0,0,0,0,0,0,0,0,0,0,0,0,0,0.579150579,0,0,0,0,0,0,0,0,0,0,0,0,0,0,0,0,0,0,0,0,0,0,0,0,0,0,0,0,0,33.59073359,0,0,0,0,0,0,0,0,0,0,0,0,0,0,0,0,0,0,0,0,0,0,0,0,0,0,0,12.35521236,0,0,0,0,0,0,0,0,0,0,0,0.579150579,0,0,0
Llaviucu-core,6,Andes,downcore,0,0,0,0,0,0,0,0,24.95274102,0,0,0,0,0,0,0,0,0,0,0,0,0,0,0,0,0,0,0,6.238185255,0.189035917,0,0,0,0,0,0,0,0,0,0,0,0,0,0,0,0,0,0,0,0,0,0,0,0,0,0,0,0,0,0,3.213610586,1.134215501,0,0,0,0,0,0,0,0,0.56710775,0,9.073724008,0,0,0,0.378071834,0,0,0.189035917,0,0,0,0,0,0.189035917,7.561436673,1.323251418,0,0,0,0.189035917,0,0,0,1.134215501,0,0,0,0,0,0,0,0,0.189035917,0,0,0.189035917,0,0,0,0,0,0,0.189035917,0,0,0,0,0,0,0,0,0,0,0,0,0,0,0.189035917,0,0,0,0,0,0,0.945179584,0,0,0,0,0,0,0,0.189035917,0.378071834,0,0,0,0,0,0,0,0,0,0.56710775,0,0.189035917,0,0,0.378071834,0,0,0,0,0,0,0,0,1.701323251,0,0,0,0.378071834,0,0,0.189035917,0,0.189035917,0,0,0,0.56710775,0,0,0,0,0,0,0,0,0,0,0,0,0,0,0,0,0,0,0,0,0,0,0,0,0,0,0,0,0,0,0,0.56710775,0,0,0,0,0,0,0,0,0,0,0,0,0,0.756143667,0,0,0,0,0,0,0,0,0,0,0,0,0,0,0,0,0,0,0,0,0,0,0,0.378071834,0.56710775,0,0,0,0,0,0,0,0,0,0,0,0,0,0,0,0,0,0,0,0,0,0,0,0,0,0,0,0,0,0,0,0,0,0.189035917,0,0,0,0.378071834,0,0,0,0,0,0,0,0,0,0,0,0,0,0,0,0,0,0,0,0,0,0,0,0,0,0,0,0,0,0,0,0,0,0,0,0,0,0,0,26.27599244,0,0,5.860113422,0,0.56710775,1.701323251,0
Pi_an1-core,7,Andes,downcore,0,0,0,0,0,0,0,0,28.87323944,0,0,0,0,0.176056338,0,0,0,0,26.05633803,0,0,0,0,0,0,0,0,0,0,1.936619718,0,0,0,0,0,0,0,0,0,0,0,0,0,0,0,0,0,0,0,0,0,1.76056338,0,0,0,0,0,0,0,0,0,0,0,0.704225352,0,0,0,0,0,0,0,0,0,0,0,0.528169014,0,0,0,0,0,0,0,0,0,0,0,0,0,0.176056338,0,0,0,0,0,6.161971831,0,0,0,0,0,0,0,0,0,0,0,0,0,0,0,0,0,0,0,0,0,0,0,0,0,0,0,0,0,0,0,0,0,0,0,0,0,0,0,0,0,0,0,0,0,0,0,0,0.704225352,0,0,0.176056338,0,0,0,0,0,0,0,0,0,0,0,0,0,0,0,0,0,0.176056338,0,0.176056338,0,0.176056338,0,0,0,0,0,0,0,0,0,0,0.704225352,0,0,0,0,0,0,0,0,0,0,0,0,0,0,0,0,0,0,0,0.176056338,0,0,0,0,0,0,0,0,0,0,0,0,0,3.521126761,8.978873239,0,0,0,0,0,0,0,0,0,0,0,0,0,0,0,0,0,0,0,0,0,0,0,0,0,0,0,0,0,0,0,0,0,0,0,0,0,0,0,17.42957746,0,0,0,0,0,0,0,0.352112676,0,0,0,0,0,0,0,0,0,0,0,0,0,0,0,0,0,0.176056338,0,0,0,0,0,0,0,0,0,0,0,0,0,0,0,0,0,0,0,0.88028169,0,0,0,0,0,0,0,0,0,0,0,0,0,0,0,0,0,0,0,0,0,0,0,0,0,0,0,0,0,0,0,0,0,0,0,0,0
Kuyuk1-core,9,Andes,downcore,0,0,0,0,0,0,0,0,0.162074554,0,0,0,0.648298217,0,0.162074554,3.889789303,4.376012966,0,0,18.63857374,0,0,0,0,2.755267423,1.296596434,0,0,0,0,0,0,0,0,0,0,0,0,0,0,0,0,0,0,0,0,0.162074554,0,1.296596434,20.74554295,0,0,0,0.162074554,0,0,0,0.810372771,0,0,0,0,0,0,0,0,0,0,0,0,0,0,0,0,0,0,0,0,0,0,0,0,0,0,0,0,0,0,0,0,0,0,0,0,0,0,0,0,0,0,0,0.324149109,2.593192869,0,0,0,0,0,0,0,0,0,0,0,0,0,0,0,0,0,0,0,0,0,0,0,0,0,0,0.324149109,0,0,0,0,0,0,0,2.755267423,0,0,0,1.458670989,0,0,0,0.648298217,0,0,0,0,0,0,0,0,0,0,0,0,0,0,0,0,0,0,0.324149109,0.486223663,0,0,0,0,0,0,0,0,0,0,0,0,0,2.106969206,0,0.324149109,0,0,0,0.162074554,0,0,0,0,0,0,0,0.486223663,0,0,0,0,0,0,0,0,0,0.162074554,0,0,0,0,0,0,0,0,0,0,0.648298217,0,0,0,0,0.324149109,0,0,0,0,0,0,0,0,2.106969206,0,0,0,0,0.648298217,0,0,0,0,0,0,2.917341977,0,0,0,0,0,0,0,0,0,0,0,0.162074554,0.810372771,0,0,0,0,0,0,0,0,0,0,0,0,0,0,0,0,0,0,0,0,0,0,0,0,0,0,0,0,0,0,0.486223663,0,0,0,0,0,0,0,0,0,0,7.293354943,0.810372771,0,0.162074554,0,0,0.162074554,0,0,0,0,0,0,0,0,0,0.810372771,0,0,0,0,0,9.886547812,0,0,0,0,0,0,0,0,0,0,0,0,0,0,0,0,0,0,0,5.510534846,0
DsChrrrs1-core,10,Andes,downcore,0,0,0,0,0,0,0,0,23.55555556,0,0,0,0,1.777777778,0,0,0,0,12.74074074,0,2.074074074,0,0,0,0,0,0,0,2.666666667,0,0,0,0,0,0,0,0,0,0,0,0.148148148,0.888888889,0,0,0,0,0,0,1.037037037,3.703703704,2.074074074,0,0,0,0,0,0,0,0,0,0,0,0,0.148148148,0,0,0,0.592592593,0,0,0,0.148148148,0,0,0,2.962962963,0.148148148,0,0,0,0,0,0,0,0,0,0,2.962962963,0,0,0,0,0,0,0,0.296296296,0,0,0,0,0,0,0.148148148,0.148148148,0,0,0,0,0,0,0,0,0,0,1.037037037,0.444444444,0,0,0,0,0,0,0,0,0,0,0,0,0,0.740740741,0,0,0,0,0,0,0,0,0,0,0,0,0,0,0,0,0,0.148148148,0,0,0,0,0,0,0,0,0,0,0,0,0,0,0,0,0,0.444444444,0,0,0,0.148148148,0,0,0,0,0,0,0,0,0,0,0.592592593,0,0,0,0,0,0,0,0,0,0,0,0.148148148,0,0,0,0,0,0,0,0,0,0,0,0,0,0,0,2.074074074,0,0,0,0,0.740740741,5.185185185,0,0,0,0,0,0,0,0,0,0,0.148148148,0,0,4.296296296,0,0,0,0,0,0,0,0,0,0,0,0,2.074074074,0,0,0,0,0,0,0,2.074074074,0,0,0.888888889,0,6.222222222,0,0,0,0,0,0,0,0,0,0,0,0,0,0,0,0,0.296296296,0,0,0,0,0,0,0,0,0.444444444,0,0,0,0,0,0,0,0.740740741,0,0,1.62962963,0,0,0,0,0,0,0,0,0,1.037037037,0,0,0,0,0,0,0,0,0.296296296,0,1.777777778,0,0,0,0,2.962962963,4.444444444,0,0,0,0,0,0,0,0,0,0,0,0,0.592592593,0,0,0,0,0,0.148148148,0
Huarmcch1-core,11,Andes,downcore,0,0,0,0,0,0,0,0,9.688013136,0,0,0,0,0,0,0,0,0,0,0,0,0,0,0,0,0,0,0,0,1.3136289,0,0.164203612,0,0,0,1.642036125,0,0,0,0,0,2.298850575,0,0,0.164203612,0,0,0,0,0,0,0,0,0,0,0,0,0,0,0,0,0,0,0,0,0.328407225,0,0,0,0,0,0,0,0,0,1.806239737,0,0,0,0,0,0,0.985221675,0,0,0,0,0.164203612,0,0,0,0,0,0,0,1.149425287,0,0,0,3.119868637,0.164203612,0.164203612,0,0,0,0,0,3.612479475,0,0,0,0,0,0,0,0.164203612,0,0.164203612,0,0,22.49589491,0,0,1.3136289,0.164203612,0,0,0,0,0.821018062,0,0,0,0,0,0,0,0,0.492610837,0,1.3136289,0,0,0,0.164203612,0,0,0,0,0,0,0,2.134646962,0,0,0,0,0,0,0,0,0,0.164203612,0,0,0,0,0,0,2.463054187,0,0,0,0,0,0,0,0,0,0,31.85550082,0,0,0,0,0,0,0,0,0,0,0,0,0,0,0.164203612,0,0,0,0,0,0,0,0,0,0,0,0,0,0,0,0,0,0,3.612479475,0,0,0,0,0,0,0,0,0,0,0,0,0,0,0,0,0,0,0,0,0,0,0,0,0,0,0,0,0,0,0,0,0,0,0,0,0,0,0,0,0,0,0,0,0,0,0,0,0,0,0,0,0,0,0,0,0.164203612,0,0,0,0,0,0,0,0,0.328407225,0,0,0,0,0,0,0,0,0,0,0,0,0,0,0,0.164203612,0,0,0,1.97044335,0.492610837,0,0,0,0,0,0,0,0.164203612,0,0,0.492610837,0,0,0,0,0.328407225,1.149425287,0,0,0.164203612,0,0,0,0,0.164203612,0,0,0,0.164203612,0,0,0,0,0,0,0,0
Chiriacu1-core,12,Andes,downcore,0.199600798,0,0,0,0,0,0,0,3.193612774,0,0,0,0,0,0,0,0,0,57.68463074,0,1.397205589,0,0,0,0,0,0,0,0,0,0,3.79241517,0,0.199600798,0.998003992,0,0,0,0,0,0,1.996007984,0,0,0,0,0,0,0,0,0,0,0,0,0,0,0,0,0,0,0,0,0,0,0,0.399201597,0,0,0,0,0.199600798,0,0,0,0,0,0,0.199600798,0,0,0,0,1.19760479,0.199600798,0.598802395,0,0,0,0,0,0,0,0,0,0,0.199600798,0,0,0,0,0,0,0,0,0,0,0.598802395,0,0,0,0,0.399201597,0,0,0,0,0,0,0,0,0,0,0,0,0,0,0,0,0,0,0,3.79241517,0,0,0,0.199600798,0,0,1.996007984,0,0,0,0,0,0,0,0,0.399201597,1.19760479,0,0,0,0,0.399201597,0,0,0,0,0,0,0,0,0,0,0,0.598802395,0,0.199600798,0,0,0,3.393213573,0,0,0,0,0,0,0,0,3.592814371,0,0,0,0,0,0,0,0,0,0,0,0,0,0,0,0,0,0,0,0.598802395,0,0,0,0,0,0,0,0.598802395,0,0,0.199600798,0,0,0,0,0,0,0,0,0,0,0,0,0,0.199600798,0,0,0,0,0,0,0,0.199600798,0.199600798,0,0,0,0,0,0,0,0,0,0,0,0,0,0,0.199600798,0,0,0,0,0,0,0,0,0,0,0.998003992,0,0,0,0.998003992,0,0,0,0,0,0,0,0,0,0.199600798,0,0,0,0,0,0,0,0,0,0,0,0,0,0,3.393213573,0,0,0,0,0,0,0,0,0,0,0,0,0,0,0,0,0.199600798,0,0,0,0,0,0.998003992,0,0,0,0,0,0,0,0,0.199600798,0,0,0,0,0.199600798,0,0,0,0.598802395,0.798403194,0,0,0,0,0,0,0
Caricoch-core,13,Andes,downcore,0,0,1.076923077,0,0,0,0,0,8.307692308,0,0,0,0,1.692307692,0,0,0,0,4.923076923,0,0,0,0,0,0,0,0,0,0,0.461538462,0,0,0.307692308,0,0,0,0,0,0,0.615384615,0,7.230769231,1.384615385,0,0,0,0,0,0,0,4.153846154,0,0,0,0,0,0,0,0,0,0,0,0,0,0,0,0,0,0,0,0,0,0,0,0.307692308,0,0,0,0,0,0,0,0,0,0,0,0,0,0,0.769230769,0,0,0,0,0,0,0,0.769230769,6.307692308,0,0,0,1.076923077,0,0,0,0,0,0,0,0,0,0,0,0,0,0,0,0,0,0,0,0,0,0,0,0,0,0,2.769230769,0,0,0,0,0.461538462,0,0,0,10.46153846,0,1.230769231,0,0,0,0,0.153846154,0,0,0,0,0,0,0,0.153846154,0,2.153846154,0,0,0,0,0,0,0,0,0,0,0.307692308,0,0,0,0,0,0,0,0,0,0,0,0,0,0,0,0,0,0,0,0,0,0,0,0,0,0,0,0,0,0,0,0,0,0,0,0,0,0,0,0,0,0,0,0,0,0,0,0,0.153846154,0,0,1.692307692,0,0,0,0,0,0,0,0,0,0,0,0,0,0,0.923076923,0,0,2,0,0.153846154,0,0,0,1.076923077,0,0,0,0,0,0,2.153846154,0,0,0,0,0,22.46153846,0,0,0,0,0,0,0,0,0,0,0,0,0,0,0,0,0,0,0,0,0,0,0,0,0,0,0,0,0.153846154,0,0,0,0,5.230769231,0,0,0,0,0,0,2.307692308,0,0,0,1.384615385,1.230769231,0,0,0,0,0,0,0,0,0,0,0,0,0,0,0,1.538461538,0,0,0,0,0,0,0,0.461538462,0,0,0,0,0,0,0,0,0,0,0,0,0
Cubilche1-core,14,Andes,downcore,0,0,0,0,0,0,0,0,0,0,0,0,0,0,0,0,0,0,0,0,0,0,0,0,0,0,0,0,0,0,0,17.83783784,0,0,0,0,0,0,0,0,0,0,0,0,0,0,0,0,0,0,0,0,0,0,0,0,0,0,0,0,0,0,0,0,0,0,0,0,0,0,0,0,0,0,0,0,0,0,0,0,0,0,5.585585586,0,0,0,0,0,27.74774775,0,0,0,0,0,7.027027027,0,0,0,0,0,0,0,0,0,0,0,0,0,0,0,0,0,0,0,0,0,0,0,0,1.981981982,0,0,0,0,0,0,0,0,0,0,0,0,0,0,0,0,0,0,0,0,0,0,0,0,0,0,0,0.36036036,0,0,0,0,0,0,0,0,0,0,0,0,0,0,0,0,0,0,0,0,0,0,0,0,0,0,0,0,0,0,0,0,0,0,0,0,0,0,0,0,0,0,0,0,0,0,0,0,0,0,0,0,0,0,0,0,0,0,0,0,0,0,0,10.63063063,0,0,0,0,0,0,0,0,0,0,0,0,0,0.720720721,0,0,0,0,7.027027027,0,0,0,0,0,0,0,0,0,0,0,0,0,0,0,0,0,0,0,0,0,0,0,0,0,0,0,0,0,0,0,0,0,0,0,0,0,0,2.342342342,0,0,0,0,0,0,0,0,0.18018018,0,0,0,0,0,0,0,0,0,0,0,0,0,0,0,0,0,0,0,0,0,0,0,0,0,0,0,0,0,0,0,0,0,0,0,0,0,0,0,0,0,0,18.37837838,0.18018018,0,0,0,0,0,0,0,0,0,0,0,0,0,0,0,0
Estrllsc1-core,15,Andes,downcore,0,0,0,0,0,0,0,0.406504065,2.032520325,0,0,0,0,0,0,0,0,0,69.51219512,0,0,0,0,0,0,0,4.268292683,0,0.203252033,1.422764228,0,0.406504065,0,0,0,0.203252033,0,0,0,0,0,0.203252033,0,0,0,0,0,0,0,0,0,0,0,0,0,0,0,0,0,0,0,0,0,0,0,0,0,0,0,0,0,0,0,0,0,5.284552846,0.203252033,0,0.203252033,0,0,0,0.609756098,0,0,0,0,0,0,0,0,0,0,0,0,0.406504065,0,0,0,0,0.81300813,0,0,0,0,0,0,0,0,0,0,0,0,0,0,0.609756098,0,0,0,0,0,0,0,0,0,0,0,0,0,0,0,0,0,0,0,0,0,0,0,0,0,0,0,0,0.203252033,0,0,0.406504065,0,0,0,0,0,0,0,0,0,0,0.203252033,0,0,0,0,0,0,0,0,0,0,0,0,0,0,0,0,0,0,0,0,0,0.203252033,0,0.203252033,0,0,0,0,0,0,0,0,0,0,0,0,0,0,0,0,0,0,0,0,0,0,0,0,0,0,0,0,1.016260163,0,0,4.268292683,1.422764228,0,0,0,0,0,0,0.81300813,0,0,0,0,0,0,0,0,0,0,0,0,0,0,0,0,0,0,0,0,0,0,0,0,0,0,0.81300813,0,0,0.203252033,0,0,0.203252033,0,0,0,0,0,0,0,0,0,0,0,0,0,0,0,0,0,0,0,0,0,0,0,0,0,0.203252033,0,0,0,0,0,0,0,0.406504065,0,0,0,0,0,0,0,0,0,0,1.219512195,0.609756098,0,0,0,0.203252033,0,0,0,0,0,0,0,0,0,0,0,0.203252033,0,0,0,0,0,0,0,0,0.203252033,0,0,0,0,0.203252033,0,0,0,0,0,0,0
Yanacoch1-core,16,Andes,downcore,0,0,0,0,0.649350649,0,0,0,0.649350649,0,0,0,0,1.082251082,0,0,0,0,54.32900433,0,0,0,0,0,0,0,0,0,0,0,0,0,0,0,0,0.216450216,0,0,0,0,0,0,0,0,0,0,0,0,0,0,0,0,0,0,0,0,0,0,0,0,0,0,0,0,0,0,0,0,0,0,0,0,0,0,0,0,0,0,0,0,0,0,0.216450216,0,0,0,0,0,0,0,0,0,0,0,0,0,0,0,0,0.649350649,0,0,0,0,0,0,0,0,0,0.216450216,0,0,0,5.627705628,0,0,0,0,0,0,0,0,0,0,0,0,0,0,0,0,0,0,0,0,0,0,0,0,0,0,0,0,0,0,0.432900433,0,0,0,0,0,0,0,0,0,0,0,0,0,0,0,0,0,0,0,0,0,0,0.216450216,0,0,1.082251082,0,0,0,0,0,0,0,0,0,32.03463203,0,0,0,0,0,0,0,0,0,0,0,0,0,0,0,0,0,0,0,0,0,0,0,0,0,0,0,0,0,0,0,0,0,0.216450216,0,0,0,0,0,0,0,0,0,0,0,0,0,0,0,0,0,0,0,0.216450216,0,0,0,0,0,0,0,0,0,0,0,0,0,0,0,0,0,0,0,0,0,0,0,0,0,0,0,0,0,0,0,0,0,0,0,0,0,0,0,0,0,0,0,0,2.164502165,0,0,0,0,0,0,0,0,0,0,0,0,0,0,0,0,0,0,0,0,0,0,0,0,0,0,0,0,0,0,0,0,0,0,0,0,0,0,0,0,0,0,0,0,0,0,0,0,0,0,0,0,0,0,0,0,0,0,0
Marmlcch1-core,17,Andes,downcore,0,0,0,0,0,0,0,0.260756193,22.94654498,0,0,0,0,0,0,0,0,0,0,0,0,0,0,0,0,0,0,0,0,2.868318123,0,0,0,0,0,0,0,0,0,0,0,0,0,0,0,0,0,0,0.130378096,0.391134289,0,0,0,0,0,0,0,0,7.561929596,0,0,0,0,0,0,0,0,0,0,0,0,0,0,0,0,0,3.911342894,0,0,0,0,0,0.130378096,0,0,0.260756193,4.693611473,0,0,1.043024772,0.130378096,0,0,0,0,5.736636245,0,0,0,0,0,0.130378096,0,0,0.391134289,1.173402868,0,0,0,0,0,0,0,0,0,0,0,0,0,0,0,0,0,0,0,0,0,0,0,0,0,0,0,0,0,0,0,0,0.130378096,0,0,0,0,0,0,0,0,0,0,0,0,0,0,0,0,0,0,0,0,0,0,0,0.130378096,0,0,0,0,0,0,0,0,0,0,0,0,0,0,0,0,0,8.865710561,0,0,0,0,0,0,0,0,0,0.260756193,0,0,0,0,0,0,0,0,0,0,0,0,0,0,0,1.825293351,9.126466754,0,0,0,9.25684485,0,0.260756193,4.82398957,0,0,0,0,0,0,0,0,0,0,0,0,0,0,0,0,0,0,0,0,0,0,0,0,0,0,0,0,0,0,0,0,0,0,1.825293351,0,0,0,0,0,6.910039113,0,0,0,0,0,0,0,0,0,0,0,0,0,0,0,0,0,0,0,0,0,0,0,0,0,0,0,0,0,0,0,0,0,0,0,0,0,0,0,0,0,0,0,0,0,0.651890482,0,0,0.130378096,0,0,0,0,0,0,0,0,0,0,0,0,0,0,0,0,0,0,0,0,0,0,0,0,0,0.130378096,3.911342894,0,0,0,0,0,0,0
Jigeno1-core,18,Andes,downcore,0,0,0,0,0,0,0,3.353057199,8.678500986,0,0,0,0,0,0,0,0,0,38.65877712,0,0,0,0,0,0,0,0,0,3.550295858,0,0,2.366863905,0,0,0,0,0,0,0,0,0,4.930966469,0,0.394477318,0,0,0,0,0,0,0,0,0,0,0,0,0,0,0,0,0,0,0,0,0,0,0,0,0,0,0,0,0,0,0,0.197238659,0.986193294,0,0.591715976,0,0,0,0.591715976,0,0,0,0,0,0.197238659,1.775147929,0,0,0,0,0,1.972386588,0,0,0,0,0.986193294,0,0,0,0.788954635,0,0.197238659,0.591715976,0,0,0,0,0,0,0,0,0,0,0,0,0,0,0,0,0,0,0,0,0,0,0,0,0,0,0,0,0,0,0.197238659,0,0,0,0,0,0,0,0,2.761341223,0,0,0,0,0,0,0,0,0,0,0,0,0,0,0,0,0,0,0,0.394477318,0,0.986193294,0,0,0,0,0,0,0,0,0,0,0.197238659,0,0,0,0,0,0,0,0,0,0,0,0,0.197238659,0,0,0,0,0,0,0,0,0,0,0,0,0,0,0,0,0,2.564102564,0,0,5.325443787,3.747534517,0,0,0,0,0,0,0.986193294,0,0,0.591715976,0,0,0,0,0,0,0,0,0,0,0,0,0,0,0,0,0,0,0,0,0,0,0,2.366863905,0,0,0,0,0,3.747534517,0,0,0,0,0,0,0,0,0,0,0,0,0,0,0.197238659,0,0,0,0,0,0,0,0,0,0.197238659,0,0,0,0,0.788954635,0,0,0,2.366863905,0,0,0,0,0,0,0,0,0,0,0.394477318,0.197238659,0,0,0,0.197238659,0,0,0,0,0,0,0,0,0,0,0,0,0,0,0,0.591715976,0,0,0,0,0,0,0,0,0,0.197238659,0,0,0,0,0,0,0
Ri_oncch1-core,19,Andes,downcore,0,0,0,0,0,0,0,0,16.98113208,0,0.188679245,0,0,0.943396226,0,0,0,0,50.18867925,0,1.320754717,0,0,0,0,0,0,0,0,0,0.566037736,0,0,0,0,0,0,0,0,0,0.188679245,0.943396226,0,0,0,0,0,0,0,0,0,0,0,0,0,0,0,0.188679245,0,0,0,0,0,0,0,0,0,0,0,0,0,0,0,0,0,0.566037736,0.188679245,0,0,0,0,0,0.188679245,0,0,0,0,0,0,0,0,0,0,0,0,0.754716981,0.188679245,6.226415094,0,0,0,0.188679245,0,0.188679245,0,0,0,0.188679245,0,0,0,0,0,0,0,0,0,0,0,0,0,0,0,0,0,0,0,0,0,0,1.886792453,0,0,0,0,0,0,0,0.377358491,0,0.566037736,0,0,0,0,0.188679245,0,0.377358491,0,0,0,0,0.566037736,0,0,0,0,0,0,0,0,0,3.20754717,0,0,0.566037736,0,0,0,0,0,0,0,0,0,0.943396226,0,0,0,0,0,0,0.188679245,0,0,0,0,0,0,0,0,0,0,0.188679245,0,0,0,0,0,0,0,0,0,0,0,0,0,0.188679245,0.188679245,0,0,0,0,0,1.320754717,0,0,1.886792453,0,0,0,0,0,0,0,0,0,0,0,0,0,0,0,0,0,0,0,0,0,0,0,0,0,0,0,0,0,0,0,0.566037736,0,0,0,0,0,1.132075472,0,0,0,0,0.566037736,0,0,0,0,0,0,0,0,0,0,0,0,0,0,0,0,0,0,0,0,0,0,0,0,0.188679245,0,0,0,2.641509434,0,0,0,0,0,0,0,0,0,0,0.377358491,0,0,0,0.188679245,0,0,0,0,0,0,0,0,0,0.188679245,0,0,0,0.943396226,0,0,0,0,0,0,0.377358491,0,0,0,0,0,0,0,0,0,0,0,0,0
Fondocch1-core,20,Andes,downcore,0,0,0,0,0,0,0,0,12.4497992,0,0,0,0,0.200803213,0,0,0,0,0,0,0,0,0,0,0,0,0,0,1.606425703,0,0.200803213,0,0,0.401606426,0,0.200803213,0,0,0,0,0,0,0,0.401606426,0,0,0,0,0,0,0,0,0,0,0,0,0,0,0,0,0,0,0,0,0,1.40562249,0,0,0.401606426,0,1.40562249,0.200803213,0,0,0,1.004016064,0,0,0,0,0,0,0,0,0,0,0,0.200803213,0,0,0,0,0,0,0,1.40562249,0,0,0,0.803212851,0,0,0,0,0.200803213,0.200803213,0.602409639,1.004016064,0,0,0,0,0,0,0,0,0,0,0,0,0,0,0,0,0,0,0.200803213,1.204819277,0,0,0,2.610441767,0,0,0,0,0,0,0,0,0,0,0,0,0,0.200803213,0.200803213,0.401606426,0,0,0,0,0,0,0,0,0.200803213,0,0,0.200803213,0,0,0,0.401606426,0,0,0,0,0,0,0,0,0,0,0,0,0,0,0,0,1.204819277,0,1.40562249,1.40562249,0,0,0,0,0.401606426,0,0,0,0,1.204819277,0,0,0,0,0,0,0,0,0.602409639,0,0,0,0,0,0,0,0,0,0,0,2.208835341,0,0,0,0,0,0,0,0.200803213,0,0,0,0,0,0,0,0,0,0,0,0,0.200803213,0.200803213,0.401606426,0,0,0,0,0,0.200803213,0,0,0,0,0,1.004016064,0,0,0,0,0,0,0,0,0.200803213,0,0.200803213,0,0,0,0,0,0,0,0,0,0,0,0,0,0,0,0,0,0.401606426,0,0,0,0,0,0,0,0,0,0,0,0,0,0,0,0,0,0,0,0,0,0,0,0,0.200803213,0,0.803212851,0,0.200803213,0,0,0,0,0,0,0,0,0,0,0.200803213,0,0,0,0,0,0,0,0,0,0,0,0.803212851,56.42570281,0,0,0,0,0,0,0
Pi_ancch1-core,21,Andes,downcore,0,0,0,0,0,0,0,0,8.103975535,0,0,0,0,0.152905199,0,0,0,0,0.917431193,0,0,0,0,0,0,0,0,0,0,2.752293578,0,0,0,0,0,0,0,0,0,0,0.458715596,0.458715596,0,0,0,0,0,0,0,0,0,0,0,0,0,0,0,0,0,0,0,0,0,0,0,0,0.152905199,0,0,0,0,0,0,0,0,0.764525994,0,0,0,0,0,0,2.599388379,0,0,0,0,0,0.305810398,2.140672783,0,0,0,0,0,1.529051988,1.22324159,0,0,1.22324159,0,0,0,0,0,0,0,0.152905199,0,0,0,0,0,0,0,0.152905199,0,0,0,0,0,0,0,0,0,0,0,0,0,0,0,0,0,0,0,0,0,0,3.058103976,0,2.293577982,0,0,0,0.458715596,0.458715596,0,0.611620795,0,0,0,0,0,0,0,0,0,0,0,0,0,0,0.152905199,0,0,0.152905199,0,0.611620795,0,1.834862385,0,0,0,0,0,0,0,0,0,0,1.22324159,0,0,0,0.152905199,0,0,0.764525994,0,0.764525994,0,0,0,0,0,0,0,0,0,0,0,0,0,0,0,0,0,0,0,0,0,0,0,0,2.752293578,7.339449541,0,0,0,0,0,0,4.281345566,0,0,0,0,0,0,0,0,0,0,0,0,0,0,0,0,0,0,0,0,0,0,0,0,0,0,7.645259939,0,0,0,0,0,29.51070336,0,0,0,0,0,2.293577982,0.152905199,0,0,0,0,0,0,0,0,0,0,0,0,0,0,0,0,0.152905199,0,0.152905199,0,0,0,0,0,0,0,0,2.293577982,0,0,0,0,0,0,0,0,0,0.917431193,2.599388379,0,0,0,0.152905199,0,0,0,0,0,0,0,0,0,0,0,1.070336391,1.529051988,0,0,0,1.529051988,0,0,0,0,0,0,0,0,0,0,0,0,0,0,0,0